{
    "6GB": {
        "uuid": "04577598-8a07-4dbc-a26e-0654531378fe",
        "total_limit_bytes": 6442450944,
        "used_bytes": 862678099,
        "clean_ip": "172.64.149.23",
        "status": "OFFLINE",
        "last_active_time": 1780258091.7304196,
        "down_speed": 0,
        "up_speed": 0,
        "created_at": 1780233349,
        "expire_seconds": 2592000,
        "active": false
    },
    "T": {
        "uuid": "d3e7e376-0d78-46f3-9855-4b6b2dfd9997",
        "total_limit_bytes": 104857600,
        "used_bytes": 10863443,
        "clean_ip": "172.64.149.23",
        "status": "OFFLINE",
        "last_active_time": 1780237628.8305488,
        "down_speed": 0,
        "up_speed": 0,
        "created_at": 1780237624,
        "expire_seconds": 2592000,
        "active": false
    },
    "100MB": {
        "uuid": "aae68598-2ae1-41a6-94a6-82d3e32fae70",
        "total_limit_bytes": 104857600,
        "used_bytes": 0,
        "clean_ip": "172.64.149.23",
        "status": "OFFLINE",
        "last_active_time": 0,
        "down_speed": 0,
        "up_speed": 0,
        "created_at": 1780240629,
        "expire_seconds": 2592000,
        "active": false
    },
    "100": {
        "uuid": "3b52735c-9c2d-4947-92b5-bf9ee0bcd307",
        "total_limit_bytes": 104857600,
        "used_bytes": 22262785,
        "clean_ip": "104.16.123.96",
        "status": "OFFLINE",
        "last_active_time": 1780242526.0301335,
        "down_speed": 0,
        "up_speed": 0,
        "created_at": 1780241165,
        "expire_seconds": 86400,
        "active": false
    },
    "67TEST": {
        "uuid": "7f2af0e4-7486-450c-a3bf-88cf87f567c3",
        "total_limit_bytes": 104857600,
        "used_bytes": 8276535,
        "clean_ip": "172.64.149.23",
        "status": "OFFLINE",
        "last_active_time": 1780241868.1176717,
        "down_speed": 0,
        "up_speed": 0,
        "created_at": 1780241699,
        "expire_seconds": 2592000,
        "active": false
    },
    "20GB": {
        "uuid": "b734433b-30f3-43d2-b4f9-c91af64d22d3",
        "total_limit_bytes": 21474836480,
        "used_bytes": 37105711,
        "clean_ip": "172.64.149.23",
        "status": "OFFLINE",
        "last_active_time": 1780258090.3280797,
        "down_speed": 0,
        "up_speed": 0,
        "created_at": 1780242102,
        "expire_seconds": 2592000,
        "active": true
    }
}